{
	"credit": "Made with Blockbench",
	"texture_size": [32, 32],
	"textures": {
		"0": "bronze",
		"particle": "bronze"
	},
	"elements": [
		{
			"from": [5, 0, 5],
			"to": [11, 2, 11],
			"faces": {
				"north": {"uv": [3, 4, 6, 5], "texture": "#0"},
				"east": {"uv": [5, 0, 8, 1], "texture": "#0"},
				"south": {"uv": [5, 1, 8, 2], "texture": "#0"},
				"west": {"uv": [5, 2, 8, 2.975], "texture": "#0"},
				"up": {"uv": [3, 3, 0, 0], "texture": "#0"},
				"down": {"uv": [3, 3, 0, 6], "texture": "#0"}
			}
		},
		{
			"from": [6, 2, 6],
			"to": [10, 3, 10],
			"faces": {
				"north": {"uv": [4, 6.5, 6, 7], "texture": "#0"},
				"east": {"uv": [4, 7, 6, 7.5], "texture": "#0"},
				"south": {"uv": [7, 6, 9, 6.5], "texture": "#0"},
				"west": {"uv": [7, 6.5, 9, 7], "texture": "#0"},
				"up": {"uv": [5, 2, 3, 0], "texture": "#0"},
				"down": {"uv": [5, 2, 3, 4], "texture": "#0"}
			}
		},
		{
			"from": [7.05, 2.95, 8.35],
			"to": [8.05, 4.8, 9.35],
			"rotation": {"angle": 0, "axis": "y", "origin": [7.6, 4.3, 9.05]},
			"faces": {
				"north": {"uv": [5.5, 7.5, 6, 9], "texture": "#0"},
				"east": {"uv": [6, 7.5, 6.5, 9], "texture": "#0"},
				"south": {"uv": [6.5, 7.5, 7, 9], "texture": "#0"},
				"west": {"uv": [8, 0, 8.5, 1.5], "texture": "#0"},
				"up": {"uv": [5.5, 9, 5, 8.5], "texture": "#0"},
				"down": {"uv": [9.5, 0, 9, 0.5], "texture": "#0"}
			}
		},
		{
			"from": [8.05, 3.25, 7.025],
			"to": [9.05, 4.65, 8.025],
			"rotation": {"angle": 0, "axis": "y", "origin": [8.5, 4.8, 7.5]},
			"faces": {
				"north": {"uv": [14.5, 4, 15, 5], "texture": "#0"},
				"east": {"uv": [9.5, 10.5, 10, 11.5], "texture": "#0"},
				"south": {"uv": [10, 10.5, 10.5, 11.5], "texture": "#0"},
				"west": {"uv": [13.5, 10.5, 14, 11.5], "texture": "#0"},
				"up": {"uv": [16, 3, 15.5, 2.5], "texture": "#0"},
				"down": {"uv": [16, 3, 15.5, 3.5], "texture": "#0"}
			}
		},
		{
			"from": [7.05, 4.25, 7.5],
			"to": [8.05, 5.25, 8.9],
			"rotation": {"angle": 0, "axis": "y", "origin": [7.6, 5, 7.95]},
			"faces": {
				"north": {"uv": [9.5, 13.75, 9, 13.25], "rotation": 180, "texture": "#0"},
				"east": {"uv": [10, 13, 10.5, 13.75], "rotation": 90, "texture": "#0"},
				"south": {"uv": [13.5, 4.75, 13, 5.25], "texture": "#0"},
				"west": {"uv": [12, 5.5, 12.5, 6.25], "rotation": 270, "texture": "#0"},
				"up": {"uv": [10.5, 13, 11, 13.75], "texture": "#0"},
				"down": {"uv": [9.5, 13, 10, 13.75], "rotation": 180, "texture": "#0"}
			}
		},
		{
			"from": [8.05, 2.95, 6.375],
			"to": [9.05, 3.95, 7.525],
			"rotation": {"angle": 0, "axis": "y", "origin": [8.5, 3.3, 7.8]},
			"faces": {
				"north": {"uv": [16, 7.5, 15.5, 8], "rotation": 180, "texture": "#0"},
				"east": {"uv": [9.5, 15.25, 10, 16], "rotation": 270, "texture": "#0"},
				"south": {"uv": [16, 7.5, 15.5, 7], "texture": "#0"},
				"west": {"uv": [13.5, 15.25, 14, 16], "rotation": 90, "texture": "#0"},
				"up": {"uv": [14.5, 8.75, 15, 9.5], "rotation": 180, "texture": "#0"},
				"down": {"uv": [10, 15.25, 10.5, 16], "texture": "#0"}
			}
		},
		{
			"from": [8.06627, 6.6, 7.27905],
			"to": [9.06627, 7.6, 10.27905],
			"rotation": {"angle": -22.5, "axis": "y", "origin": [8.81627, 7.1, 8.77905]},
			"faces": {
				"north": {"uv": [9.5, 2, 9, 1.5], "rotation": 180, "texture": "#0"},
				"east": {"uv": [7.5, 8, 8, 9.5], "rotation": 90, "texture": "#0"},
				"south": {"uv": [9.5, 2, 9, 2.5], "texture": "#0"},
				"west": {"uv": [8.5, 0, 9, 1.5], "rotation": 270, "texture": "#0"},
				"up": {"uv": [0, 8.5, 0.5, 10], "texture": "#0"},
				"down": {"uv": [8, 7, 8.5, 8.5], "rotation": 180, "texture": "#0"}
			}
		},
		{
			"from": [6.01627, 6.8, 7.37905],
			"to": [7.01627, 7.8, 10.37905],
			"rotation": {"angle": 22.5, "axis": "y", "origin": [6.51627, 6.3, 7.12905]},
			"faces": {
				"north": {"uv": [9, 2.5, 9.5, 3], "texture": "#0"},
				"east": {"uv": [7.5, 5, 9, 5.5], "texture": "#0"},
				"south": {"uv": [9, 4, 9.5, 4.5], "texture": "#0"},
				"west": {"uv": [7.5, 5.5, 9, 6], "texture": "#0"},
				"up": {"uv": [1, 10, 0.5, 8.5], "texture": "#0"},
				"down": {"uv": [1.5, 8.5, 1, 10], "texture": "#0"}
			}
		},
		{
			"from": [7.71627, 3, 9.97905],
			"to": [8.21627, 10.025, 10.37905],
			"rotation": {"angle": 0, "axis": "y", "origin": [7.76627, 3.5, 7.27905]},
			"faces": {
				"north": {"uv": [2, 8.5, 2.25, 10.5], "texture": "#0"},
				"east": {"uv": [2.5, 8.5, 2.75, 10.5], "texture": "#0"},
				"south": {"uv": [4, 8.5, 4.25, 10.5], "texture": "#0"},
				"west": {"uv": [4.5, 8.5, 4.75, 10.5], "texture": "#0"},
				"up": {"uv": [9.25, 6.75, 9, 6.5], "texture": "#0"},
				"down": {"uv": [3.25, 9.5, 3, 9.75], "texture": "#0"}
			}
		},
		{
			"from": [6.71627, 10, 9.92905],
			"to": [9.21627, 10.5, 10.42905],
			"rotation": {"angle": 0, "axis": "y", "origin": [10.76627, 7.5, 7.42905]},
			"faces": {
				"north": {"uv": [8.5, 7, 9.75, 7.25], "texture": "#0"},
				"east": {"uv": [9.5, 3, 9.75, 3.25], "texture": "#0"},
				"south": {"uv": [8.5, 7.5, 9.75, 7.75], "texture": "#0"},
				"west": {"uv": [3.5, 9.5, 3.75, 9.75], "texture": "#0"},
				"up": {"uv": [9.25, 8.75, 8, 8.5], "texture": "#0"},
				"down": {"uv": [9.75, 8, 8.5, 8.25], "texture": "#0"}
			}
		},
		{
			"from": [6.71627, 10.5, 9.92905],
			"to": [7.21627, 12, 10.42905],
			"rotation": {"angle": 0, "axis": "y", "origin": [10.76627, 7.5, 7.42905]},
			"faces": {
				"north": {"uv": [9, 4.5, 9.25, 5.25], "texture": "#0"},
				"east": {"uv": [5, 9, 5.25, 9.75], "texture": "#0"},
				"south": {"uv": [5.5, 9, 5.75, 9.75], "texture": "#0"},
				"west": {"uv": [9, 5.5, 9.25, 6.25], "texture": "#0"},
				"up": {"uv": [9.75, 3.75, 9.5, 3.5], "texture": "#0"},
				"down": {"uv": [9.75, 4, 9.5, 4.25], "texture": "#0"}
			}
		},
		{
			"from": [7.71627, 10.5, 9.92905],
			"to": [8.21627, 13, 10.42905],
			"rotation": {"angle": 0, "axis": "y", "origin": [10.76627, 7.5, 7.42905]},
			"faces": {
				"north": {"uv": [6, 9, 6.25, 9.75], "texture": "#0"},
				"east": {"uv": [6.5, 9, 6.75, 9.75], "texture": "#0"},
				"south": {"uv": [8, 9, 8.25, 9.75], "texture": "#0"},
				"west": {"uv": [8.5, 9, 8.75, 9.75], "texture": "#0"},
				"up": {"uv": [9.75, 4.75, 9.5, 4.5], "texture": "#0"},
				"down": {"uv": [9.75, 5, 9.5, 5.25], "texture": "#0"}
			}
		},
		{
			"from": [8.71627, 10.5, 9.92905],
			"to": [9.21627, 12, 10.42905],
			"rotation": {"angle": 0, "axis": "y", "origin": [10.76627, 7.5, 7.42905]},
			"faces": {
				"north": {"uv": [9, 9, 9.25, 9.75], "texture": "#0"},
				"east": {"uv": [9.5, 0, 9.75, 0.75], "texture": "#0"},
				"south": {"uv": [9.5, 1, 9.75, 1.75], "texture": "#0"},
				"west": {"uv": [9.5, 2, 9.75, 2.75], "texture": "#0"},
				"up": {"uv": [9.75, 5.75, 9.5, 5.5], "texture": "#0"},
				"down": {"uv": [9.75, 6, 9.5, 6.25], "texture": "#0"}
			}
		},
		{
			"from": [7.05, 4.625, 7.025],
			"to": [9.05, 6.625, 8.025],
			"rotation": {"angle": 0, "axis": "x", "origin": [8, 6.3, 7.1]},
			"faces": {
				"north": {"uv": [6, 6, 7, 7.5], "texture": "#0"},
				"east": {"uv": [1.5, 8.5, 2, 10], "texture": "#0"},
				"south": {"uv": [3, 6.5, 4, 8], "texture": "#0"},
				"west": {"uv": [8.5, 1.5, 9, 3], "texture": "#0"},
				"up": {"uv": [9.5, 3.5, 8.5, 3], "texture": "#0"},
				"down": {"uv": [9.5, 3.5, 8.5, 4], "texture": "#0"}
			}
		},
		{
			"from": [7.05, 6.6, 7.025],
			"to": [9.05, 8.1, 8.025],
			"rotation": {"angle": 0, "axis": "x", "origin": [8, 8.1, 6.9]},
			"faces": {
				"north": {"uv": [7.75, 11.5, 8.75, 13], "texture": "#0"},
				"east": {"uv": [3.25, 14, 3.75, 15.5], "texture": "#0"},
				"south": {"uv": [9.5, 10.5, 10.5, 11.25], "texture": "#0"},
				"west": {"uv": [10.25, 7, 10.75, 8.5], "texture": "#0"},
				"up": {"uv": [11.25, 9, 10.25, 8.5], "texture": "#0"},
				"down": {"uv": [11.25, 9, 10.25, 9.5], "texture": "#0"}
			}
		},
		{
			"from": [7, 2, 10],
			"to": [9, 3, 11],
			"faces": {
				"north": {"uv": [9.75, 0, 10.75, 0.5], "texture": "#0"},
				"east": {"uv": [10.75, 0.5, 11.25, 1], "texture": "#0"},
				"south": {"uv": [9.75, 0.5, 10.75, 1], "texture": "#0"},
				"west": {"uv": [10.75, 1, 11.25, 1.5], "texture": "#0"},
				"up": {"uv": [10.75, 1.5, 9.75, 1], "texture": "#0"},
				"down": {"uv": [11.75, 0, 10.75, 0.5], "texture": "#0"}
			}
		},
		{
			"from": [6.99134, 7.8, 6.9119],
			"to": [8.99134, 9.8, 8.9119],
			"rotation": {"angle": 22.5, "axis": "x", "origin": [8.09134, 8.8, 8.4119]},
			"faces": {
				"north": {"uv": [5, 3, 6, 4], "texture": "#0"},
				"east": {"uv": [7, 7, 8, 8], "texture": "#0"},
				"south": {"uv": [0, 7.5, 1, 8.5], "texture": "#0"},
				"west": {"uv": [1, 7.5, 2, 8.5], "texture": "#0"},
				"up": {"uv": [3, 8.5, 2, 7.5], "texture": "#0"},
				"down": {"uv": [8.5, 3, 7.5, 4], "texture": "#0"}
			}
		},
		{
			"from": [6.84134, 7.7, 6.7619],
			"to": [9.09134, 9.95, 9.0119],
			"rotation": {"angle": 22.5, "axis": "x", "origin": [8.09134, 8.8, 8.4119]},
			"faces": {
				"north": {"uv": [3, 5, 4.25, 6.25], "texture": "#0"},
				"east": {"uv": [4.5, 5, 5.75, 6.25], "texture": "#0"},
				"south": {"uv": [0, 6, 1.25, 7.25], "texture": "#0"},
				"west": {"uv": [1.5, 6, 2.75, 7.25], "texture": "#0"},
				"up": {"uv": [7.25, 4.25, 6, 3], "texture": "#0"},
				"down": {"uv": [7.25, 4.5, 6, 5.75], "texture": "#0"}
			}
		},
		{
			"from": [6.8413, 9.8, 6.3619],
			"to": [9.0913, 9.8, 7.8619],
			"rotation": {"angle": -22.5, "axis": "x", "origin": [7.9663, 8.55, 6.5119]},
			"faces": {
				"north": {"uv": [1.25, 0, 0, 0], "rotation": 180, "texture": "#0"},
				"east": {"uv": [0, 0, 0.75, 0], "rotation": 90, "texture": "#0"},
				"south": {"uv": [1.25, 0, 0, 0], "texture": "#0"},
				"west": {"uv": [0, 0, 0.75, 0], "rotation": 270, "texture": "#0"},
				"up": {"uv": [4, 8.25, 5.25, 7.5], "texture": "#0"},
				"down": {"uv": [7.5, 4.75, 8.75, 4], "rotation": 180, "texture": "#0"}
			}
		}
	],
	"display": {
		"thirdperson_righthand": {
			"rotation": [-115.22, -1.17, 179.53],
			"translation": [-1.25, 3.75, 6.25]
		},
		"thirdperson_lefthand": {
			"rotation": [-116.22, -1.98, -179.83],
			"translation": [-1.5, 5, 6.25]
		},
		"firstperson_righthand": {
			"rotation": [180, -15.5, 180],
			"translation": [-1.75, 6.75, 3]
		},
		"firstperson_lefthand": {
			"rotation": [-180, -9.75, 180],
			"translation": [0, 6.75, 2.5]
		},
		"ground": {
			"translation": [0, 4.25, 0]
		},
		"gui": {
			"rotation": [30, 39, 0],
			"translation": [0, 3.5, 0],
			"scale": [1.3, 1.3, 1.3]
		},
		"fixed": {
			"rotation": [-90, 0, 0],
			"translation": [0, 0, -14],
			"scale": [2, 2, 2]
		}
	},
	"groups": [
		0,
		1,
		2,
		3,
		4,
		5,
		6,
		7,
		8,
		9,
		10,
		11,
		12,
		13,
		14,
		15,
		{
			"name": "group",
			"origin": [8.06634, 9.15, 6.06194],
			"color": 0,
			"children": [16, 17, 18]
		}
	]
}