{
	"credit": "Made with Blockbench",
	"texture_size": [64, 64],
	"textures": {
		"6": "gold_statue"
	},
	"elements": [
		{
			"from": [5, 2, 5],
			"to": [12, 3, 12],
			"rotation": {"angle": 0, "axis": "y", "origin": [8, 1, 8]},
			"faces": {
				"north": {"uv": [1.5, 4, 3.25, 4.25], "texture": "#6"},
				"east": {"uv": [4, 1.5, 5.75, 1.75], "texture": "#6"},
				"south": {"uv": [4, 2, 5.75, 2.25], "texture": "#6"},
				"west": {"uv": [4, 2.5, 5.75, 2.75], "texture": "#6"},
				"up": {"uv": [1.75, 1.75, 0, 0], "texture": "#6"},
				"down": {"uv": [1.75, 2, 0, 3.75], "texture": "#6"}
			}
		},
		{
			"from": [5, 0, 5],
			"to": [12, 1, 12],
			"rotation": {"angle": 0, "axis": "y", "origin": [8, -1, 8]},
			"faces": {
				"north": {"uv": [4, 3, 5.75, 3.25], "texture": "#6"},
				"east": {"uv": [3.5, 4, 5.25, 4.25], "texture": "#6"},
				"south": {"uv": [4, 3.5, 5.75, 3.75], "texture": "#6"},
				"west": {"uv": [1.5, 4.5, 3.25, 4.75], "texture": "#6"},
				"up": {"uv": [3.75, 1.75, 2, 0], "texture": "#6"},
				"down": {"uv": [3.75, 2, 2, 3.75], "texture": "#6"}
			}
		},
		{
			"from": [6, 1, 6],
			"to": [11, 2, 11],
			"rotation": {"angle": 0, "axis": "y", "origin": [8, 0, 8]},
			"faces": {
				"north": {"uv": [1.5, 5, 2.75, 5.25], "texture": "#6"},
				"east": {"uv": [3, 5.25, 4.25, 5.5], "texture": "#6"},
				"south": {"uv": [4.5, 5.25, 5.75, 5.5], "texture": "#6"},
				"west": {"uv": [0, 5.5, 1.25, 5.75], "texture": "#6"},
				"up": {"uv": [1.25, 5.25, 0, 4], "texture": "#6"},
				"down": {"uv": [5.25, 0, 4, 1.25], "texture": "#6"}
			}
		},
		{
			"from": [7.1, 7.65, 6.8],
			"to": [8.9, 9.45, 8.6],
			"rotation": {"angle": 22.5, "axis": "y", "origin": [8, 8.55, 7.7]},
			"faces": {
				"north": {"uv": [0.75, 13, 1.5, 13.75], "rotation": 270, "texture": "#6"},
				"east": {"uv": [0, 13, 0.75, 13.75], "texture": "#6"},
				"south": {"uv": [2.25, 13, 3, 13.75], "texture": "#6"},
				"west": {"uv": [1.5, 13, 2.25, 13.75], "texture": "#6"},
				"up": {"uv": [1.5, 13, 0.75, 12.25], "texture": "#6"},
				"down": {"uv": [2.25, 12.25, 1.5, 13], "texture": "#6"}
			}
		},
		{
			"from": [7.375, 6, 7.475],
			"to": [8.625, 7.65, 7.925],
			"rotation": {"angle": 22.5, "axis": "y", "origin": [8, 6.825, 7.7]},
			"faces": {
				"north": {"uv": [1.25, 14, 1.75, 14.5], "texture": "#6"},
				"east": {"uv": [1, 14, 1.25, 14.5], "texture": "#6"},
				"south": {"uv": [2, 14, 2.5, 14.5], "texture": "#6"},
				"west": {"uv": [1.75, 14, 2, 14.5], "texture": "#6"},
				"up": {"uv": [1.75, 14, 1.25, 13.75], "texture": "#6"},
				"down": {"uv": [2.25, 13.75, 1.75, 14], "texture": "#6"}
			}
		},
		{
			"from": [6.45, 9.1, 6.15],
			"to": [7.05, 9.7, 7.75],
			"rotation": {"angle": -45, "axis": "y", "origin": [6.75, 9.4, 6.95]},
			"faces": {
				"north": {"uv": [3, 13.75, 3.25, 14], "texture": "#6"},
				"east": {"uv": [2.5, 14.25, 3, 14.5], "texture": "#6"},
				"south": {"uv": [3.25, 13.75, 3.5, 14], "texture": "#6"},
				"west": {"uv": [2.5, 14, 3, 14.25], "texture": "#6"},
				"up": {"uv": [3.25, 14.5, 3, 14], "texture": "#6"},
				"down": {"uv": [3.5, 14, 3.25, 14.5], "texture": "#6"}
			}
		},
		{
			"from": [8.725, 6.85, 7.625],
			"to": [10.325, 7.45, 8.225],
			"rotation": {"angle": 22.5, "axis": "y", "origin": [9.525, 7.15, 7.925]},
			"faces": {
				"north": {"uv": [2.5, 15.75, 3, 16], "texture": "#6"},
				"east": {"uv": [2, 15.25, 2.25, 15.5], "texture": "#6"},
				"south": {"uv": [2.5, 15.5, 3, 15.75], "texture": "#6"},
				"west": {"uv": [2.25, 15.25, 2.5, 15.5], "texture": "#6"},
				"up": {"uv": [2.5, 15.75, 2, 15.5], "texture": "#6"},
				"down": {"uv": [2.5, 15.75, 2, 16], "texture": "#6"}
			}
		},
		{
			"from": [8.1, 4.4, 7.4],
			"to": [8.7, 6, 8],
			"rotation": {"angle": -22.5, "axis": "x", "origin": [8.4, 5.2, 7.7]},
			"faces": {
				"north": {"uv": [0.25, 14, 0.5, 14.5], "texture": "#6"},
				"east": {"uv": [0, 14, 0.25, 14.5], "texture": "#6"},
				"south": {"uv": [0.75, 14, 1, 14.5], "texture": "#6"},
				"west": {"uv": [0.5, 14, 0.75, 14.5], "texture": "#6"},
				"up": {"uv": [0.5, 14, 0.25, 13.75], "texture": "#6"},
				"down": {"uv": [0.75, 13.75, 0.5, 14], "texture": "#6"}
			}
		},
		{
			"from": [7.3, 4.4, 7.6],
			"to": [7.9, 6, 8.2],
			"rotation": {"angle": -45, "axis": "x", "origin": [7.6, 5.2, 7.9]},
			"faces": {
				"north": {"uv": [1.25, 15.5, 1.5, 16], "texture": "#6"},
				"east": {"uv": [1, 15.5, 1.25, 16], "texture": "#6"},
				"south": {"uv": [1.75, 15.5, 2, 16], "texture": "#6"},
				"west": {"uv": [1.5, 15.5, 1.75, 16], "texture": "#6"},
				"up": {"uv": [1.5, 15.5, 1.25, 15.25], "texture": "#6"},
				"down": {"uv": [1.75, 15.25, 1.5, 15.5], "texture": "#6"}
			}
		},
		{
			"from": [7, 3, 8],
			"to": [8, 5, 9],
			"rotation": {"angle": 0, "axis": "y", "origin": [7, 3, 8]},
			"faces": {
				"north": {"uv": [6, 1, 6.25, 1.5], "texture": "#6"},
				"east": {"uv": [6, 1.75, 6.25, 2.25], "texture": "#6"},
				"south": {"uv": [6, 2.5, 6.25, 3], "texture": "#6"},
				"west": {"uv": [6, 3.25, 6.25, 3.75], "texture": "#6"},
				"up": {"uv": [5.75, 5, 5.5, 4.75], "texture": "#6"},
				"down": {"uv": [2.75, 7.5, 2.5, 7.75], "texture": "#6"}
			}
		},
		{
			"from": [9, 3, 7],
			"to": [10, 4, 8],
			"rotation": {"angle": 0, "axis": "y", "origin": [9, 3, 7]},
			"faces": {
				"north": {"uv": [7.5, 2.5, 7.75, 2.75], "texture": "#6"},
				"east": {"uv": [7.5, 3, 7.75, 3.25], "texture": "#6"},
				"south": {"uv": [4, 7.5, 4.25, 7.75], "texture": "#6"},
				"west": {"uv": [4.5, 7.5, 4.75, 7.75], "texture": "#6"},
				"up": {"uv": [5.25, 7.75, 5, 7.5], "texture": "#6"},
				"down": {"uv": [5.75, 7.5, 5.5, 7.75], "texture": "#6"}
			}
		},
		{
			"from": [10, 10, 7],
			"to": [11, 12, 8],
			"rotation": {"angle": 0, "axis": "y", "origin": [10, 10, 7]},
			"faces": {
				"north": {"uv": [6, 4.75, 6.25, 5.25], "texture": "#6"},
				"east": {"uv": [6.25, 4, 6.5, 4.5], "texture": "#6"},
				"south": {"uv": [6.25, 5.5, 6.5, 6], "texture": "#6"},
				"west": {"uv": [6.25, 6.25, 6.5, 6.75], "texture": "#6"},
				"up": {"uv": [7.25, 7.75, 7, 7.5], "texture": "#6"},
				"down": {"uv": [7.75, 7.5, 7.5, 7.75], "texture": "#6"}
			}
		},
		{
			"from": [9, 7, 7],
			"to": [10, 10, 8],
			"rotation": {"angle": 0, "axis": "y", "origin": [9, 7, 7]},
			"faces": {
				"north": {"uv": [5.25, 5.75, 5.5, 6.5], "texture": "#6"},
				"east": {"uv": [5.75, 5.75, 6, 6.5], "texture": "#6"},
				"south": {"uv": [0, 6, 0.25, 6.75], "texture": "#6"},
				"west": {"uv": [6, 0, 6.25, 0.75], "texture": "#6"},
				"up": {"uv": [0.25, 8, 0, 7.75], "texture": "#6"},
				"down": {"uv": [0.75, 7.75, 0.5, 8], "texture": "#6"}
			}
		},
		{
			"from": [8, 3, 8],
			"to": [9, 7, 9],
			"rotation": {"angle": 0, "axis": "y", "origin": [8, 3, 8]},
			"faces": {
				"north": {"uv": [5.5, 0, 5.75, 1], "texture": "#6"},
				"east": {"uv": [1.5, 5.5, 1.75, 6.5], "texture": "#6"},
				"south": {"uv": [2, 5.5, 2.25, 6.5], "texture": "#6"},
				"west": {"uv": [2.5, 5.5, 2.75, 6.5], "texture": "#6"},
				"up": {"uv": [1.25, 8, 1, 7.75], "texture": "#6"},
				"down": {"uv": [3.75, 7.75, 3.5, 8], "texture": "#6"}
			}
		},
		{
			"from": [10, 12, 7],
			"to": [11, 14, 8],
			"rotation": {"angle": 0, "axis": "y", "origin": [9, 12, 8]},
			"faces": {
				"north": {"uv": [6.5, 0, 6.75, 0.5], "texture": "#6"},
				"east": {"uv": [6.5, 0.75, 6.75, 1.25], "texture": "#6"},
				"south": {"uv": [6.5, 1.5, 6.75, 2], "texture": "#6"},
				"west": {"uv": [6.5, 2.25, 6.75, 2.75], "texture": "#6"},
				"up": {"uv": [8, 3.75, 7.75, 3.5], "texture": "#6"},
				"down": {"uv": [8, 4, 7.75, 4.25], "texture": "#6"}
			}
		},
		{
			"from": [10, 13, 6],
			"to": [12, 15, 7],
			"rotation": {"angle": 0, "axis": "y", "origin": [9, 12, 6]},
			"faces": {
				"north": {"uv": [5.5, 4, 6, 4.5], "texture": "#6"},
				"east": {"uv": [3, 6.5, 3.25, 7], "texture": "#6"},
				"south": {"uv": [3, 5.75, 3.5, 6.25], "texture": "#6"},
				"west": {"uv": [6.5, 3, 6.75, 3.5], "texture": "#6"},
				"up": {"uv": [4, 6.75, 3.5, 6.5], "texture": "#6"},
				"down": {"uv": [4.75, 6.5, 4.25, 6.75], "texture": "#6"}
			}
		},
		{
			"from": [9, 12, 6],
			"to": [10, 14, 9],
			"rotation": {"angle": 0, "axis": "y", "origin": [7, 12, 8]},
			"faces": {
				"north": {"uv": [6.5, 4.75, 6.75, 5.25], "texture": "#6"},
				"east": {"uv": [3.5, 4.5, 4.25, 5], "texture": "#6"},
				"south": {"uv": [1.5, 6.75, 1.75, 7.25], "texture": "#6"},
				"west": {"uv": [4.5, 4.5, 5.25, 5], "texture": "#6"},
				"up": {"uv": [0.75, 6.75, 0.5, 6], "texture": "#6"},
				"down": {"uv": [1.25, 6, 1, 6.75], "texture": "#6"}
			}
		},
		{
			"from": [12, 13, 5],
			"to": [13, 14, 6],
			"rotation": {"angle": 0, "axis": "y", "origin": [10, 13, 5]},
			"faces": {
				"north": {"uv": [7.75, 4.5, 8, 4.75], "texture": "#6"},
				"east": {"uv": [7.75, 5, 8, 5.25], "texture": "#6"},
				"south": {"uv": [7.75, 5.5, 8, 5.75], "texture": "#6"},
				"west": {"uv": [6, 7.75, 6.25, 8], "texture": "#6"},
				"up": {"uv": [8, 6.25, 7.75, 6], "texture": "#6"},
				"down": {"uv": [6.75, 7.75, 6.5, 8], "texture": "#6"}
			}
		},
		{
			"from": [13, 12, 10],
			"to": [14, 14, 11],
			"rotation": {"angle": 0, "axis": "y", "origin": [11, 13, 10]},
			"faces": {
				"north": {"uv": [2, 6.75, 2.25, 7.25], "texture": "#6"},
				"east": {"uv": [2.5, 6.75, 2.75, 7.25], "texture": "#6"},
				"south": {"uv": [6.75, 3.75, 7, 4.25], "texture": "#6"},
				"west": {"uv": [5, 6.75, 5.25, 7.25], "texture": "#6"},
				"up": {"uv": [8, 6.75, 7.75, 6.5], "texture": "#6"},
				"down": {"uv": [8, 7, 7.75, 7.25], "texture": "#6"}
			}
		},
		{
			"from": [8, 10, 9],
			"to": [9, 12, 10],
			"rotation": {"angle": 0, "axis": "y", "origin": [6, 12, 9]},
			"faces": {
				"north": {"uv": [5.5, 6.75, 5.75, 7.25], "texture": "#6"},
				"east": {"uv": [6.75, 5.5, 7, 6], "texture": "#6"},
				"south": {"uv": [6.75, 6.25, 7, 6.75], "texture": "#6"},
				"west": {"uv": [0, 7, 0.25, 7.5], "texture": "#6"},
				"up": {"uv": [8.25, 1.25, 8, 1], "texture": "#6"},
				"down": {"uv": [8.25, 1.5, 8, 1.75], "texture": "#6"}
			}
		},
		{
			"from": [7, 10, 7],
			"to": [8, 12, 8],
			"rotation": {"angle": 0, "axis": "y", "origin": [5, 12, 7]},
			"faces": {
				"north": {"uv": [7, 0, 7.25, 0.5], "texture": "#6"},
				"east": {"uv": [0.5, 7, 0.75, 7.5], "texture": "#6"},
				"south": {"uv": [7, 0.75, 7.25, 1.25], "texture": "#6"},
				"west": {"uv": [1, 7, 1.25, 7.5], "texture": "#6"},
				"up": {"uv": [8.25, 2.25, 8, 2], "texture": "#6"},
				"down": {"uv": [2.75, 8, 2.5, 8.25], "texture": "#6"}
			}
		},
		{
			"from": [13, 10, 6],
			"to": [14, 12, 7],
			"rotation": {"angle": 0, "axis": "y", "origin": [11, 11, 6]},
			"faces": {
				"north": {"uv": [7, 1.5, 7.25, 2], "texture": "#6"},
				"east": {"uv": [7, 2.25, 7.25, 2.75], "texture": "#6"},
				"south": {"uv": [7, 3, 7.25, 3.5], "texture": "#6"},
				"west": {"uv": [3.5, 7, 3.75, 7.5], "texture": "#6"},
				"up": {"uv": [8.25, 2.75, 8, 2.5], "texture": "#6"},
				"down": {"uv": [3.25, 8, 3, 8.25], "texture": "#6"}
			}
		},
		{
			"from": [12, 14, 9],
			"to": [13, 15, 10],
			"rotation": {"angle": 0, "axis": "y", "origin": [10, 14, 9]},
			"faces": {
				"north": {"uv": [8, 3, 8.25, 3.25], "texture": "#6"},
				"east": {"uv": [4, 8, 4.25, 8.25], "texture": "#6"},
				"south": {"uv": [4.5, 8, 4.75, 8.25], "texture": "#6"},
				"west": {"uv": [5, 8, 5.25, 8.25], "texture": "#6"},
				"up": {"uv": [5.75, 8.25, 5.5, 8], "texture": "#6"},
				"down": {"uv": [7.25, 8, 7, 8.25], "texture": "#6"}
			}
		},
		{
			"from": [9, 14, 9],
			"to": [10, 15, 11],
			"rotation": {"angle": 0, "axis": "y", "origin": [7, 14, 9]},
			"faces": {
				"north": {"uv": [7.5, 8, 7.75, 8.25], "texture": "#6"},
				"east": {"uv": [4, 7, 4.5, 7.25], "texture": "#6"},
				"south": {"uv": [8, 7.5, 8.25, 7.75], "texture": "#6"},
				"west": {"uv": [7, 4.5, 7.5, 4.75], "texture": "#6"},
				"up": {"uv": [6.25, 7.5, 6, 7], "texture": "#6"},
				"down": {"uv": [6.75, 7, 6.5, 7.5], "texture": "#6"}
			}
		},
		{
			"from": [11, 13, 7],
			"to": [12, 14, 9],
			"rotation": {"angle": 0, "axis": "y", "origin": [9, 13, 8]},
			"faces": {
				"north": {"uv": [8, 8, 8.25, 8.25], "texture": "#6"},
				"east": {"uv": [7, 5, 7.5, 5.25], "texture": "#6"},
				"south": {"uv": [0, 8.25, 0.25, 8.5], "texture": "#6"},
				"west": {"uv": [7, 7, 7.5, 7.25], "texture": "#6"},
				"up": {"uv": [3.25, 7.75, 3, 7.25], "texture": "#6"},
				"down": {"uv": [7.5, 3.75, 7.25, 4.25], "texture": "#6"}
			}
		},
		{
			"from": [8, 11, 5],
			"to": [9, 12, 6],
			"rotation": {"angle": 0, "axis": "y", "origin": [6, 11, 5]},
			"faces": {
				"north": {"uv": [8.25, 0, 8.5, 0.25], "texture": "#6"},
				"east": {"uv": [0.5, 8.25, 0.75, 8.5], "texture": "#6"},
				"south": {"uv": [8.25, 0.5, 8.5, 0.75], "texture": "#6"},
				"west": {"uv": [1, 8.25, 1.25, 8.5], "texture": "#6"},
				"up": {"uv": [1.75, 8.5, 1.5, 8.25], "texture": "#6"},
				"down": {"uv": [2.25, 8.25, 2, 8.5], "texture": "#6"}
			}
		},
		{
			"from": [8, 12, 7],
			"to": [9, 13, 8],
			"rotation": {"angle": 0, "axis": "y", "origin": [6, 12, 7]},
			"faces": {
				"north": {"uv": [3.5, 8.25, 3.75, 8.5], "texture": "#6"},
				"east": {"uv": [8.25, 3.5, 8.5, 3.75], "texture": "#6"},
				"south": {"uv": [8.25, 4, 8.5, 4.25], "texture": "#6"},
				"west": {"uv": [8.25, 4.5, 8.5, 4.75], "texture": "#6"},
				"up": {"uv": [8.5, 5.25, 8.25, 5], "texture": "#6"},
				"down": {"uv": [8.5, 5.5, 8.25, 5.75], "texture": "#6"}
			}
		},
		{
			"from": [9, 11, 8],
			"to": [11, 13, 9],
			"rotation": {"angle": 0, "axis": "y", "origin": [9, 11, 8]},
			"faces": {
				"north": {"uv": [3.75, 5.75, 4.25, 6.25], "texture": "#6"},
				"east": {"uv": [7.25, 5.5, 7.5, 6], "texture": "#6"},
				"south": {"uv": [4.5, 5.75, 5, 6.25], "texture": "#6"},
				"west": {"uv": [7.25, 6.25, 7.5, 6.75], "texture": "#6"},
				"up": {"uv": [8, 0.25, 7.5, 0], "texture": "#6"},
				"down": {"uv": [8, 0.5, 7.5, 0.75], "texture": "#6"}
			}
		},
		{
			"from": [7, 10, 4],
			"to": [8, 11, 5],
			"rotation": {"angle": 0, "axis": "y", "origin": [5, 10, 4]},
			"faces": {
				"north": {"uv": [6, 8.25, 6.25, 8.5], "texture": "#6"},
				"east": {"uv": [8.25, 6, 8.5, 6.25], "texture": "#6"},
				"south": {"uv": [6.5, 8.25, 6.75, 8.5], "texture": "#6"},
				"west": {"uv": [8.25, 6.5, 8.5, 6.75], "texture": "#6"},
				"up": {"uv": [8.5, 7.25, 8.25, 7], "texture": "#6"},
				"down": {"uv": [8.75, 1, 8.5, 1.25], "texture": "#6"}
			}
		},
		{
			"from": [8, 14, 7],
			"to": [9, 15, 8],
			"rotation": {"angle": 0, "axis": "y", "origin": [6, 14, 7]},
			"faces": {
				"north": {"uv": [8.5, 1.5, 8.75, 1.75], "texture": "#6"},
				"east": {"uv": [8.5, 2, 8.75, 2.25], "texture": "#6"},
				"south": {"uv": [2.5, 8.5, 2.75, 8.75], "texture": "#6"},
				"west": {"uv": [8.5, 2.5, 8.75, 2.75], "texture": "#6"},
				"up": {"uv": [3.25, 8.75, 3, 8.5], "texture": "#6"},
				"down": {"uv": [8.75, 3, 8.5, 3.25], "texture": "#6"}
			}
		},
		{
			"from": [14, 13, 7],
			"to": [15, 14, 8],
			"rotation": {"angle": 0, "axis": "y", "origin": [12, 13, 7]},
			"faces": {
				"north": {"uv": [4, 8.5, 4.25, 8.75], "texture": "#6"},
				"east": {"uv": [4.5, 8.5, 4.75, 8.75], "texture": "#6"},
				"south": {"uv": [5, 8.5, 5.25, 8.75], "texture": "#6"},
				"west": {"uv": [5.5, 8.5, 5.75, 8.75], "texture": "#6"},
				"up": {"uv": [7.25, 8.75, 7, 8.5], "texture": "#6"},
				"down": {"uv": [7.75, 8.5, 7.5, 8.75], "texture": "#6"}
			}
		},
		{
			"from": [13, 14, 6],
			"to": [14, 15, 7],
			"rotation": {"angle": 0, "axis": "y", "origin": [11, 14, 6]},
			"faces": {
				"north": {"uv": [8.5, 7.5, 8.75, 7.75], "texture": "#6"},
				"east": {"uv": [8, 8.5, 8.25, 8.75], "texture": "#6"},
				"south": {"uv": [8.5, 8, 8.75, 8.25], "texture": "#6"},
				"west": {"uv": [8.5, 8.5, 8.75, 8.75], "texture": "#6"},
				"up": {"uv": [0.25, 9, 0, 8.75], "texture": "#6"},
				"down": {"uv": [9, 0, 8.75, 0.25], "texture": "#6"}
			}
		},
		{
			"from": [12, 14, 7],
			"to": [13, 15, 8],
			"rotation": {"angle": 0, "axis": "y", "origin": [10, 14, 7]},
			"faces": {
				"north": {"uv": [0.5, 8.75, 0.75, 9], "texture": "#6"},
				"east": {"uv": [8.75, 0.5, 9, 0.75], "texture": "#6"},
				"south": {"uv": [1, 8.75, 1.25, 9], "texture": "#6"},
				"west": {"uv": [1.5, 8.75, 1.75, 9], "texture": "#6"},
				"up": {"uv": [2.25, 9, 2, 8.75], "texture": "#6"},
				"down": {"uv": [3.75, 8.75, 3.5, 9], "texture": "#6"}
			}
		},
		{
			"from": [7, 14, 8],
			"to": [8, 15, 9],
			"rotation": {"angle": 0, "axis": "y", "origin": [5, 14, 8]},
			"faces": {
				"north": {"uv": [8.75, 3.5, 9, 3.75], "texture": "#6"},
				"east": {"uv": [8.75, 4, 9, 4.25], "texture": "#6"},
				"south": {"uv": [8.75, 4.5, 9, 4.75], "texture": "#6"},
				"west": {"uv": [8.75, 5, 9, 5.25], "texture": "#6"},
				"up": {"uv": [9, 5.75, 8.75, 5.5], "texture": "#6"},
				"down": {"uv": [6.25, 8.75, 6, 9], "texture": "#6"}
			}
		},
		{
			"from": [9, 13, 10],
			"to": [10, 14, 11],
			"rotation": {"angle": 0, "axis": "y", "origin": [7, 13, 10]},
			"faces": {
				"north": {"uv": [8.75, 6, 9, 6.25], "texture": "#6"},
				"east": {"uv": [6.5, 8.75, 6.75, 9], "texture": "#6"},
				"south": {"uv": [8.75, 6.5, 9, 6.75], "texture": "#6"},
				"west": {"uv": [8.75, 7, 9, 7.25], "texture": "#6"},
				"up": {"uv": [9.25, 1.25, 9, 1], "texture": "#6"},
				"down": {"uv": [9.25, 1.5, 9, 1.75], "texture": "#6"}
			}
		},
		{
			"from": [6, 13, 7],
			"to": [7, 14, 8],
			"rotation": {"angle": 0, "axis": "y", "origin": [4, 13, 7]},
			"faces": {
				"north": {"uv": [9, 2, 9.25, 2.25], "texture": "#6"},
				"east": {"uv": [2.5, 9, 2.75, 9.25], "texture": "#6"},
				"south": {"uv": [9, 2.5, 9.25, 2.75], "texture": "#6"},
				"west": {"uv": [3, 9, 3.25, 9.25], "texture": "#6"},
				"up": {"uv": [9.25, 3.25, 9, 3], "texture": "#6"},
				"down": {"uv": [4.25, 9, 4, 9.25], "texture": "#6"}
			}
		},
		{
			"from": [12, 12, 7],
			"to": [13, 13, 8],
			"rotation": {"angle": 0, "axis": "y", "origin": [10, 12, 7]},
			"faces": {
				"north": {"uv": [4.5, 9, 4.75, 9.25], "texture": "#6"},
				"east": {"uv": [5, 9, 5.25, 9.25], "texture": "#6"},
				"south": {"uv": [5.5, 9, 5.75, 9.25], "texture": "#6"},
				"west": {"uv": [7, 9, 7.25, 9.25], "texture": "#6"},
				"up": {"uv": [7.75, 9.25, 7.5, 9], "texture": "#6"},
				"down": {"uv": [9.25, 7.5, 9, 7.75], "texture": "#6"}
			}
		},
		{
			"from": [11, 12, 8],
			"to": [12, 13, 9],
			"rotation": {"angle": 0, "axis": "y", "origin": [9, 12, 8]},
			"faces": {
				"north": {"uv": [8, 9, 8.25, 9.25], "texture": "#6"},
				"east": {"uv": [9, 8, 9.25, 8.25], "texture": "#6"},
				"south": {"uv": [8.5, 9, 8.75, 9.25], "texture": "#6"},
				"west": {"uv": [9, 8.5, 9.25, 8.75], "texture": "#6"},
				"up": {"uv": [9.25, 9.25, 9, 9], "texture": "#6"},
				"down": {"uv": [0.25, 9.25, 0, 9.5], "texture": "#6"}
			}
		},
		{
			"from": [12, 11, 4],
			"to": [13, 13, 5],
			"rotation": {"angle": 0, "axis": "y", "origin": [10, 12, 4]},
			"faces": {
				"north": {"uv": [7.5, 1, 7.75, 1.5], "texture": "#6"},
				"east": {"uv": [1.5, 7.5, 1.75, 8], "texture": "#6"},
				"south": {"uv": [7.5, 1.75, 7.75, 2.25], "texture": "#6"},
				"west": {"uv": [2, 7.5, 2.25, 8], "texture": "#6"},
				"up": {"uv": [9.5, 0.25, 9.25, 0], "texture": "#6"},
				"down": {"uv": [0.75, 9.25, 0.5, 9.5], "texture": "#6"}
			}
		}
	],
	"display": {
		"thirdperson_righthand": {
			"rotation": [70, 0, 0],
			"translation": [-0.25, 3.5, 5],
			"scale": [0.75, 0.75, 0.75]
		},
		"thirdperson_lefthand": {
			"rotation": [70, 0, 0],
			"translation": [0.5, 3.5, 5],
			"scale": [0.75, 0.75, 0.75]
		},
		"firstperson_righthand": {
			"rotation": [0, 100, 0],
			"translation": [1.75, 5, 0]
		},
		"firstperson_lefthand": {
			"rotation": [0, 100, 0],
			"translation": [1.75, 5, 0],
			"scale": [-1, 1, 1]
		},
		"ground": {
			"translation": [0, 4.25, 0]
		},
		"gui": {
			"rotation": [-150, -30, -180],
			"translation": [0.75, 1.25, 0],
			"scale": [0.95, 0.95, 0.95]
		},
		"head": {
			"translation": [0, 14.25, 0]
		},
		"fixed": {
			"rotation": [-90, 0, 0],
			"translation": [-1, -1, -15],
			"scale": [2, 2, 2]
		}
	}
}