{
	"credit": "Made with Blockbench",
	"texture_size": [32, 32],
	"textures": {
		"0": "silver_aw2023",
		"particle": "silver_aw2023"
	},
	"elements": [
		{
			"from": [5, 0, 5],
			"to": [11, 2, 11],
			"faces": {
				"north": {"uv": [3, 4, 6, 5], "texture": "#0"},
				"east": {"uv": [5, 0, 8, 1], "texture": "#0"},
				"south": {"uv": [5, 1, 8, 2], "texture": "#0"},
				"west": {"uv": [5, 2, 8, 2.975], "texture": "#0"},
				"up": {"uv": [3, 3, 0, 0], "texture": "#0"},
				"down": {"uv": [3, 3, 0, 6], "texture": "#0"}
			}
		},
		{
			"from": [6, 2, 6],
			"to": [10, 3, 10],
			"faces": {
				"north": {"uv": [4, 6.5, 6, 7], "texture": "#0"},
				"east": {"uv": [4, 7, 6, 7.5], "texture": "#0"},
				"south": {"uv": [7, 6, 9, 6.5], "texture": "#0"},
				"west": {"uv": [7, 6.5, 9, 7], "texture": "#0"},
				"up": {"uv": [5, 2, 3, 0], "texture": "#0"},
				"down": {"uv": [5, 2, 3, 4], "texture": "#0"}
			}
		},
		{
			"from": [6.9, 3, 7.5],
			"to": [7.9, 6, 8.5],
			"rotation": {"angle": 22.5, "axis": "x", "origin": [7.5, 4.5, 8.25]},
			"faces": {
				"north": {"uv": [5.5, 7.5, 6, 9], "texture": "#0"},
				"east": {"uv": [6, 7.5, 6.5, 9], "texture": "#0"},
				"south": {"uv": [6.5, 7.5, 7, 9], "texture": "#0"},
				"west": {"uv": [8, 0, 8.5, 1.5], "texture": "#0"},
				"up": {"uv": [5.5, 9, 5, 8.5], "texture": "#0"},
				"down": {"uv": [9.5, 0, 9, 0.5], "texture": "#0"}
			}
		},
		{
			"from": [8.1, 3, 7.5],
			"to": [9.1, 6, 8.5],
			"rotation": {"angle": 22.5, "axis": "y", "origin": [8.5, 4.5, 8]},
			"faces": {
				"north": {"uv": [8, 1.5, 8.5, 3], "texture": "#0"},
				"east": {"uv": [3, 8, 3.5, 9.5], "texture": "#0"},
				"south": {"uv": [3.5, 8, 4, 9.5], "texture": "#0"},
				"west": {"uv": [7, 8, 7.5, 9.5], "texture": "#0"},
				"up": {"uv": [9.5, 1, 9, 0.5], "texture": "#0"},
				"down": {"uv": [9.5, 1, 9, 1.5], "texture": "#0"}
			}
		},
		{
			"from": [8.76627, 6, 7.07905],
			"to": [9.76627, 9, 8.07905],
			"rotation": {"angle": -22.5, "axis": "y", "origin": [9.51627, 7.5, 7.57905]},
			"faces": {
				"north": {"uv": [8, 7, 8.5, 8.5], "texture": "#0"},
				"east": {"uv": [7.5, 8, 8, 9.5], "texture": "#0"},
				"south": {"uv": [0, 8.5, 0.5, 10], "texture": "#0"},
				"west": {"uv": [8.5, 0, 9, 1.5], "texture": "#0"},
				"up": {"uv": [9.5, 2, 9, 1.5], "texture": "#0"},
				"down": {"uv": [9.5, 2, 9, 2.5], "texture": "#0"}
			}
		},
		{
			"from": [6.01627, 8, 8.07905],
			"to": [7.01627, 9, 11.07905],
			"rotation": {"angle": 0, "axis": "x", "origin": [6.51627, 7.5, 7.82905]},
			"faces": {
				"north": {"uv": [9, 2.5, 9.5, 3], "texture": "#0"},
				"east": {"uv": [7.5, 5, 9, 5.5], "texture": "#0"},
				"south": {"uv": [9, 4, 9.5, 4.5], "texture": "#0"},
				"west": {"uv": [7.5, 5.5, 9, 6], "texture": "#0"},
				"up": {"uv": [1, 10, 0.5, 8.5], "texture": "#0"},
				"down": {"uv": [1.5, 8.5, 1, 10], "texture": "#0"}
			}
		},
		{
			"from": [6.26627, 6, 10.32905],
			"to": [6.76627, 10, 10.82905],
			"rotation": {"angle": 0, "axis": "y", "origin": [6.51627, 7.5, 7.82905]},
			"faces": {
				"north": {"uv": [2, 8.5, 2.25, 10.5], "texture": "#0"},
				"east": {"uv": [2.5, 8.5, 2.75, 10.5], "texture": "#0"},
				"south": {"uv": [4, 8.5, 4.25, 10.5], "texture": "#0"},
				"west": {"uv": [4.5, 8.5, 4.75, 10.5], "texture": "#0"},
				"up": {"uv": [9.25, 6.75, 9, 6.5], "texture": "#0"},
				"down": {"uv": [3.25, 9.5, 3, 9.75], "texture": "#0"}
			}
		},
		{
			"from": [5.26627, 10, 10.32905],
			"to": [7.76627, 10.5, 10.82905],
			"rotation": {"angle": 0, "axis": "y", "origin": [6.51627, 7.5, 7.82905]},
			"faces": {
				"north": {"uv": [8.5, 7, 9.75, 7.25], "texture": "#0"},
				"east": {"uv": [9.5, 3, 9.75, 3.25], "texture": "#0"},
				"south": {"uv": [8.5, 7.5, 9.75, 7.75], "texture": "#0"},
				"west": {"uv": [3.5, 9.5, 3.75, 9.75], "texture": "#0"},
				"up": {"uv": [9.25, 8.75, 8, 8.5], "texture": "#0"},
				"down": {"uv": [9.75, 8, 8.5, 8.25], "texture": "#0"}
			}
		},
		{
			"from": [5.26627, 10.5, 10.32905],
			"to": [5.76627, 12, 10.82905],
			"rotation": {"angle": 0, "axis": "y", "origin": [6.51627, 7.5, 7.82905]},
			"faces": {
				"north": {"uv": [9, 4.5, 9.25, 5.25], "texture": "#0"},
				"east": {"uv": [5, 9, 5.25, 9.75], "texture": "#0"},
				"south": {"uv": [5.5, 9, 5.75, 9.75], "texture": "#0"},
				"west": {"uv": [9, 5.5, 9.25, 6.25], "texture": "#0"},
				"up": {"uv": [9.75, 3.75, 9.5, 3.5], "texture": "#0"},
				"down": {"uv": [9.75, 4, 9.5, 4.25], "texture": "#0"}
			}
		},
		{
			"from": [6.26627, 10.5, 10.32905],
			"to": [6.76627, 12, 10.82905],
			"rotation": {"angle": 0, "axis": "y", "origin": [6.51627, 7.5, 7.82905]},
			"faces": {
				"north": {"uv": [6, 9, 6.25, 9.75], "texture": "#0"},
				"east": {"uv": [6.5, 9, 6.75, 9.75], "texture": "#0"},
				"south": {"uv": [8, 9, 8.25, 9.75], "texture": "#0"},
				"west": {"uv": [8.5, 9, 8.75, 9.75], "texture": "#0"},
				"up": {"uv": [9.75, 4.75, 9.5, 4.5], "texture": "#0"},
				"down": {"uv": [9.75, 5, 9.5, 5.25], "texture": "#0"}
			}
		},
		{
			"from": [7.26627, 10.5, 10.32905],
			"to": [7.76627, 12, 10.82905],
			"rotation": {"angle": 0, "axis": "y", "origin": [6.51627, 7.5, 7.82905]},
			"faces": {
				"north": {"uv": [9, 9, 9.25, 9.75], "texture": "#0"},
				"east": {"uv": [9.5, 0, 9.75, 0.75], "texture": "#0"},
				"south": {"uv": [9.5, 1, 9.75, 1.75], "texture": "#0"},
				"west": {"uv": [9.5, 2, 9.75, 2.75], "texture": "#0"},
				"up": {"uv": [9.75, 5.75, 9.5, 5.5], "texture": "#0"},
				"down": {"uv": [9.75, 6, 9.5, 6.25], "texture": "#0"}
			}
		},
		{
			"from": [7, 6, 7.5],
			"to": [9, 9, 8.5],
			"rotation": {"angle": 22.5, "axis": "y", "origin": [8, 7.5, 8]},
			"faces": {
				"north": {"uv": [6, 6, 7, 7.5], "texture": "#0"},
				"east": {"uv": [1.5, 8.5, 2, 10], "texture": "#0"},
				"south": {"uv": [3, 6.5, 4, 8], "texture": "#0"},
				"west": {"uv": [8.5, 1.5, 9, 3], "texture": "#0"},
				"up": {"uv": [9.5, 3.5, 8.5, 3], "texture": "#0"},
				"down": {"uv": [9.5, 3.5, 8.5, 4], "texture": "#0"}
			}
		},
		{
			"from": [7.09134, 9, 6.96194],
			"to": [9.09134, 11, 8.96194],
			"rotation": {"angle": 0, "axis": "y", "origin": [8.19134, 10, 8.46194]},
			"faces": {
				"north": {"uv": [5, 3, 6, 4], "texture": "#0"},
				"east": {"uv": [7, 7, 8, 8], "texture": "#0"},
				"south": {"uv": [0, 7.5, 1, 8.5], "texture": "#0"},
				"west": {"uv": [1, 7.5, 2, 8.5], "texture": "#0"},
				"up": {"uv": [3, 8.5, 2, 7.5], "texture": "#0"},
				"down": {"uv": [8.5, 3, 7.5, 4], "texture": "#0"}
			}
		},
		{
			"from": [6.94134, 8.9, 6.81194],
			"to": [9.19134, 11.15, 9.06194],
			"rotation": {"angle": 0, "axis": "y", "origin": [8.19134, 10, 8.46194]},
			"faces": {
				"north": {"uv": [3, 5, 4.25, 6.25], "texture": "#0"},
				"east": {"uv": [4.5, 5, 5.75, 6.25], "texture": "#0"},
				"south": {"uv": [0, 6, 1.25, 7.25], "texture": "#0"},
				"west": {"uv": [1.5, 6, 2.75, 7.25], "texture": "#0"},
				"up": {"uv": [7.25, 4.25, 6, 3], "texture": "#0"},
				"down": {"uv": [7.25, 4.5, 6, 5.75], "texture": "#0"}
			}
		},
		{
			"from": [6.94134, 10.4, 5.91194],
			"to": [9.19134, 10.4, 7.41194],
			"rotation": {"angle": -22.5, "axis": "x", "origin": [8.06634, 9.15, 6.06194]},
			"faces": {
				"north": {"uv": [0, 0, 1.25, 0], "texture": "#0"},
				"east": {"uv": [0, 0, 0.75, 0], "texture": "#0"},
				"south": {"uv": [0, 0, 1.25, 0], "texture": "#0"},
				"west": {"uv": [0, 0, 0.75, 0], "texture": "#0"},
				"up": {"uv": [5.25, 8.25, 4, 7.5], "texture": "#0"},
				"down": {"uv": [8.75, 4, 7.5, 4.75], "texture": "#0"}
			}
		}
	],
	"display": {
		"thirdperson_righthand": {
			"rotation": [-115.22, -1.17, 179.53],
			"translation": [-1.25, 3.75, 6.25]
		},
		"thirdperson_lefthand": {
			"rotation": [-116.22, -1.98, -179.83],
			"translation": [-1.5, 5, 6.25]
		},
		"firstperson_righthand": {
			"rotation": [180, -15.5, 180],
			"translation": [-1.75, 6.75, 3]
		},
		"firstperson_lefthand": {
			"rotation": [-180, -9.75, 180],
			"translation": [0, 6.75, 2.5]
		},
		"ground": {
			"translation": [0, 4.25, 0]
		},
		"gui": {
			"rotation": [30, 39, 0],
			"translation": [0, 3.5, 0],
			"scale": [1.3, 1.3, 1.3]
		},
		"fixed": {
			"rotation": [-90, 0, 0],
			"translation": [0, 0, -14],
			"scale": [2, 2, 2]
		}
	}
}