{
	"credit": "Made with Blockbench",
	"texture_size": [64, 64],
	"textures": {
		"0": "bronze_statue_b",
		"particle": "bronze_statue_b"
	},
	"elements": [
		{
			"from": [4, 19, 5],
			"to": [12, 27, 13],
			"rotation": {"angle": -22.5, "axis": "x", "origin": [8, 23, 10]},
			"faces": {
				"north": {"uv": [6, 2, 8, 4], "texture": "#0"},
				"east": {"uv": [4, 2, 6, 4], "texture": "#0"},
				"south": {"uv": [2, 2, 4, 4], "texture": "#0"},
				"west": {"uv": [0, 2, 2, 4], "texture": "#0"},
				"up": {"uv": [4, 2, 2, 0], "texture": "#0"},
				"down": {"uv": [6, 0, 4, 2], "texture": "#0"}
			}
		},
		{
			"from": [3.5, 18.3, 4.3],
			"to": [12.6, 27.7, 13.7],
			"rotation": {"angle": -22.5, "axis": "x", "origin": [8, 23, 10]},
			"faces": {
				"north": {"uv": [14, 2, 16, 4], "texture": "#0"},
				"east": {"uv": [12, 2, 14, 4], "texture": "#0"},
				"south": {"uv": [10, 2, 12, 4], "texture": "#0"},
				"west": {"uv": [8, 2, 10, 4], "texture": "#0"},
				"up": {"uv": [12, 2, 10, 0], "texture": "#0"},
				"down": {"uv": [14, 0, 12, 2], "texture": "#0"}
			}
		},
		{
			"from": [12, 14, -2],
			"to": [16, 18, 10],
			"rotation": {"angle": 22.5, "axis": "y", "origin": [14, 13, 10]},
			"faces": {
				"north": {"uv": [11, 12, 10, 13], "rotation": 180, "texture": "#0"},
				"east": {"uv": [10, 13, 11, 16], "rotation": 270, "texture": "#0"},
				"south": {"uv": [10, 13, 9, 12], "texture": "#0"},
				"west": {"uv": [8, 13, 9, 16], "rotation": 90, "texture": "#0"},
				"up": {"uv": [11, 13, 12, 16], "rotation": 180, "texture": "#0"},
				"down": {"uv": [9, 13, 10, 16], "texture": "#0"}
			}
		},
		{
			"from": [0, 14, -2],
			"to": [4, 18, 10],
			"rotation": {"angle": -22.5, "axis": "y", "origin": [2, 13, 10]},
			"faces": {
				"north": {"uv": [13, 4, 12, 5], "rotation": 180, "texture": "#0"},
				"east": {"uv": [12, 5, 13, 8], "rotation": 270, "texture": "#0"},
				"south": {"uv": [12, 5, 11, 4], "texture": "#0"},
				"west": {"uv": [10, 5, 11, 8], "rotation": 90, "texture": "#0"},
				"up": {"uv": [13, 5, 14, 8], "rotation": 180, "texture": "#0"},
				"down": {"uv": [11, 5, 12, 8], "texture": "#0"}
			}
		},
		{
			"from": [4, 7, 8],
			"to": [12, 19, 12],
			"rotation": {"angle": 0, "axis": "y", "origin": [8, 13, 10]},
			"faces": {
				"north": {"uv": [8, 5, 10, 8], "texture": "#0"},
				"east": {"uv": [7, 5, 8, 8], "texture": "#0"},
				"south": {"uv": [5, 5, 7, 8], "texture": "#0"},
				"west": {"uv": [4, 5, 5, 8], "texture": "#0"},
				"up": {"uv": [7, 5, 5, 4], "texture": "#0"},
				"down": {"uv": [9, 4, 7, 5], "texture": "#0"}
			}
		},
		{
			"from": [8, 0, 4],
			"to": [12, 7, 8],
			"rotation": {"angle": 0, "axis": "y", "origin": [10, 6, 10]},
			"faces": {
				"north": {"uv": [3, 6.5, 4, 8], "texture": "#0"},
				"east": {"uv": [0, 6.5, 1, 8], "texture": "#0"},
				"south": {"uv": [1, 6.5, 2, 8], "texture": "#0"},
				"west": {"uv": [2, 6.5, 3, 8], "texture": "#0"},
				"up": {"uv": [2, 5, 1, 4], "texture": "#0"},
				"down": {"uv": [3, 4, 2, 5], "texture": "#0"}
			}
		},
		{
			"from": [8, 4, 5],
			"to": [12, 8, 12],
			"rotation": {"angle": 0, "axis": "x", "origin": [10, 6, 10]},
			"faces": {
				"north": {"uv": [3, 4, 2, 5], "rotation": 180, "texture": "#0"},
				"east": {"uv": [0, 5, 1, 6.25], "rotation": 270, "texture": "#0"},
				"south": {"uv": [2, 5, 1, 4], "texture": "#0"},
				"west": {"uv": [2, 5, 3, 6.25], "rotation": 90, "texture": "#0"},
				"up": {"uv": [3, 5, 4, 6.25], "rotation": 180, "texture": "#0"},
				"down": {"uv": [1, 5, 2, 6.25], "texture": "#0"}
			}
		},
		{
			"from": [4, 0, 9],
			"to": [8, 4, 15],
			"rotation": {"angle": 0, "axis": "x", "origin": [6, 6, 5]},
			"faces": {
				"north": {"uv": [6, 13, 5, 12], "rotation": 180, "texture": "#0"},
				"east": {"uv": [4, 14.5, 5, 16], "rotation": 90, "texture": "#0"},
				"south": {"uv": [7, 12, 6, 13], "texture": "#0"},
				"west": {"uv": [6, 14.5, 7, 16], "rotation": 270, "texture": "#0"},
				"up": {"uv": [5, 14.5, 6, 16], "texture": "#0"},
				"down": {"uv": [7, 14.5, 8, 16], "rotation": 180, "texture": "#0"}
			}
		},
		{
			"from": [4, 1, 8],
			"to": [8, 7, 12],
			"rotation": {"angle": 0, "axis": "y", "origin": [6, 6, 5]},
			"faces": {
				"north": {"uv": [7, 13, 8, 14.5], "texture": "#0"},
				"east": {"uv": [4, 13, 5, 14.5], "texture": "#0"},
				"south": {"uv": [5, 13, 6, 14.5], "texture": "#0"},
				"west": {"uv": [6, 13, 7, 14.5], "texture": "#0"},
				"up": {"uv": [6, 13, 5, 12], "texture": "#0"},
				"down": {"uv": [7, 12, 6, 13], "texture": "#0"}
			}
		},
		{
			"from": [7, 0, -1.7],
			"to": [9, 23, -0.1],
			"rotation": {"angle": 0, "axis": "y", "origin": [8, -1, 10]},
			"faces": {
				"north": {"uv": [0, 10.25, 0.5, 16], "texture": "#0"},
				"east": {"uv": [0, 10.25, 0.5, 16], "texture": "#0"},
				"south": {"uv": [0, 10.25, 0.5, 16], "texture": "#0"},
				"west": {"uv": [0, 10.25, 0.5, 16], "texture": "#0"},
				"up": {"uv": [0, 9.85, 0.5, 10.25], "texture": "#0"},
				"down": {"uv": [0, 9.85, 0.5, 10.25], "texture": "#0"}
			}
		},
		{
			"from": [4, 22, -1.9],
			"to": [12, 24, 0.1],
			"rotation": {"angle": 0, "axis": "y", "origin": [8, -1, 10]},
			"faces": {
				"north": {"uv": [0.75, 10.25, 2.75, 10.75], "texture": "#0"},
				"east": {"uv": [0.75, 9.75, 1.25, 10.25], "texture": "#0"},
				"south": {"uv": [2.75, 10.25, 4.75, 10.75], "texture": "#0"},
				"west": {"uv": [0.75, 9.75, 1.25, 10.25], "texture": "#0"},
				"up": {"uv": [0.75, 11.25, 2.75, 11.75], "texture": "#0"},
				"down": {"uv": [0.75, 10.75, 2.75, 11.25], "texture": "#0"}
			}
		},
		{
			"from": [4, 24, -1.9],
			"to": [6, 29, 0.1],
			"rotation": {"angle": 0, "axis": "z", "origin": [8, 23, -0.9]},
			"faces": {
				"north": {"uv": [2.75, 11.75, 4, 12.25], "rotation": 90, "texture": "#0"},
				"east": {"uv": [2.75, 11.25, 4, 11.75], "rotation": 270, "texture": "#0"},
				"south": {"uv": [2.75, 12.25, 4, 12.75], "rotation": 270, "texture": "#0"},
				"west": {"uv": [2.75, 10.75, 4, 11.25], "rotation": 270, "texture": "#0"},
				"up": {"uv": [4, 11.25, 4.5, 11.75], "rotation": 270, "texture": "#0"},
				"down": {"uv": [4, 11.25, 4.5, 11.75], "rotation": 270, "texture": "#0"}
			}
		},
		{
			"from": [10, 24, -1.9],
			"to": [12, 29, 0.1],
			"rotation": {"angle": 0, "axis": "z", "origin": [8, 23, -0.9]},
			"faces": {
				"north": {"uv": [2.75, 11.75, 4, 12.25], "rotation": 90, "texture": "#0"},
				"east": {"uv": [2.75, 11.25, 4, 11.75], "rotation": 270, "texture": "#0"},
				"south": {"uv": [2.75, 12.25, 4, 12.75], "rotation": 270, "texture": "#0"},
				"west": {"uv": [2.75, 10.75, 4, 11.25], "rotation": 270, "texture": "#0"},
				"up": {"uv": [4, 11.25, 4.5, 11.75], "rotation": 270, "texture": "#0"},
				"down": {"uv": [4, 11.25, 4.5, 11.75], "rotation": 270, "texture": "#0"}
			}
		},
		{
			"from": [7, 24, -1.9],
			"to": [9, 32, 0.1],
			"rotation": {"angle": 0, "axis": "z", "origin": [8, 23, -0.9]},
			"faces": {
				"north": {"uv": [3, 13.25, 3.5, 15.25], "texture": "#0"},
				"east": {"uv": [2.5, 15.25, 2, 13.25], "texture": "#0"},
				"south": {"uv": [4, 15.25, 3.5, 13.25], "texture": "#0"},
				"west": {"uv": [3, 13.25, 2.5, 15.25], "texture": "#0"},
				"up": {"uv": [2, 12.75, 1.5, 12.25], "texture": "#0"},
				"down": {"uv": [1.5, 12.75, 2, 13.25], "texture": "#0"}
			}
		},
		{
			"from": [5.5, 27, 0.5],
			"to": [10.5, 27, 4.5],
			"rotation": {"angle": 22.5, "axis": "x", "origin": [8, 0, 10]},
			"faces": {
				"north": {"uv": [0, 0, 1, 0], "texture": "#0"},
				"east": {"uv": [0, 0, 1, 0], "texture": "#0"},
				"south": {"uv": [0, 0, 1, 0], "texture": "#0"},
				"west": {"uv": [0, 0, 1, 0], "texture": "#0"},
				"up": {"uv": [6, 0, 7.25, 1], "texture": "#0"},
				"down": {"uv": [7.25, 0, 8.5, 1], "texture": "#0"}
			}
		},
		{
			"from": [3.5, 22, 12.35],
			"to": [12.6, 22, 21.7405],
			"rotation": {"angle": -22.5, "axis": "x", "origin": [0, 0, 0]},
			"faces": {
				"north": {"uv": [0, 0, 2.275, 0], "texture": "#0"},
				"east": {"uv": [0, 0, 2.35, 0], "texture": "#0"},
				"south": {"uv": [0, 0, 2.275, 0], "texture": "#0"},
				"west": {"uv": [0, 0, 2.35, 0], "texture": "#0"},
				"up": {"uv": [10, 0, 12, 2], "texture": "#0"},
				"down": {"uv": [10, 0, 12, 2], "texture": "#0"}
			}
		}
	],
	"display": {
		"fixed": {
			"rotation": [-90, 0, 0],
			"translation": [0, 0, -23],
			"scale": [3, 3, 3]
		}
	}
}